"Player","Team","Number","Position","Birthdate","College","Year"
"Mark McMillian","Philadelphia Eagles","--","DB","1970-04-29","Alabama","1993"
"Antone Davis","Philadelphia Eagles","--","OT","1967-02-28","Tennessee","1993"
"Charles Arbuckle","Indianapolis Colts","--","TE","1968-09-13","UCLA","1993"
"Erik Wilhelm","Cincinnati Bengals","--","QB","1965-11-19","Oregon State","1993"
"Mike Morris","Minnesota Vikings","--","C","1961-02-22","Northeast Missouri State","1993"
"Curtis Buckley","Tampa Bay Buccaneers","--","DB","1970-09-25","East Texas State","1993"
"Andy Harmon","Philadelphia Eagles","--","DT","1969-04-06","Kent State","1993"
"Scott Case","Atlanta Falcons","--","DB","1962-05-17","Oklahoma","1993"
"Mike Flores","Philadelphia Eagles","--","DE","1966-12-01","Louisville","1993"
"Brian Habib","Denver Broncos","--","OG","1964-12-02","Washington","1993"
"Charles Haley","Dallas Cowboys","--","DE","1964-01-06","James Madison","1993"
"Jim Harbaugh","Chicago Bears","--","QB","1963-12-23","Michigan","1993"
"Dixon Edwards","Dallas Cowboys","--","LB","1968-03-25","Michigan State","1993"
"Wayne Martin","New Orleans Saints","--","DT","1965-10-26","Arkansas","1993"
"Chris Mims","San Diego Chargers","--","DT","1970-09-29","Tennessee","1993"
"Charles Wilson","Tampa Bay Buccaneers","--","WR","1968-07-01","Memphis","1993"
"Bill Johnson","Cleveland Browns","--","DT","1968-12-09","Michigan State","1993"
"Santana Dotson","Tampa Bay Buccaneers","--","DT","1969-12-19","Baylor","1993"
"Willie Beamon","New York Giants","--","DB","1970-06-14","Northern Iowa","1993"
"Lonnie Palelei","Pittsburgh Steelers","--","OT","1970-10-15","Nevada-Las Vegas","1993"
"Corey Widmer","New York Giants","--","LB","1968-12-25","Montana State","1993"
"Cortez Kennedy","Seattle Seahawks","--","DT","1968-08-23","Miami","1993"
"Bill Musgrave","San Francisco 49ers","--","QB","1967-11-11","Oregon","1993"
"Kelvin Pritchett","Detroit Lions","--","DT","1969-10-24","Mississippi","1993"
"Artie Smith","San Francisco 49ers","--","DT","1970-05-15","Louisiana Tech","1993"
"Jerry Crafts","Buffalo Bills","--","OT","1968-01-06","Louisville","1993"
"Paul Green","Seattle Seahawks","--","TE","1966-10-08","Southern California","1993"
"Steve Wallace","San Francisco 49ers","--","OT","1964-12-27","Auburn","1993"
"Barry Sanders","Detroit Lions","--","RB","1968-07-16","Oklahoma State","1993"
"Mitch Lyons","Atlanta Falcons","--","TE","1970-05-13","Michigan State","1993"
"Alvin Harper","Dallas Cowboys","--","WR","1968-07-06","Tennessee","1993"
"Dean Wells","Seattle Seahawks","--","LB","1970-07-20","Kentucky","1993"
"Tracy Johnson","Seattle Seahawks","--","RB","1966-11-29","Clemson","1993"
"Rob Moore","New York Jets","--","WR","1968-09-27","Syracuse","1993"
"Renaldo Turnbull","New Orleans Saints","--","LB","1966-01-05","West Virginia","1993"
"Chad Hennings","Dallas Cowboys","--","DT","1965-10-20","Air Force","1993"
"Mark Collins","New York Giants","--","DB","1964-01-16","Cal State-Fullerton","1993"
"Floyd Turner","New Orleans Saints","--","WR","1966-05-29","Northwestern State","1993"
"Bob Christian","Chicago Bears","--","RB","1968-11-14","Northwestern","1993"
"Albert Lewis","Kansas City Chiefs","--","DB","1960-10-06","Grambling","1993"
"Ron Cox","Chicago Bears","--","LB","1968-03-29","Fresno State","1993"
"Dwight Hollier","Miami Dolphins","--","LB","1969-04-21","North Carolina","1993"
"Tory Epps","Chicago Bears","--","DT","1967-05-28","Memphis","1993"
"Derwin Gray","Indianapolis Colts","--","DB","1971-04-09","Brigham Young","1993"
"Bryan Cox","Miami Dolphins","--","LB","1968-02-17","Western Illinois","1993"
"Lomas Brown","Detroit Lions","--","OT","1963-03-30","Florida","1993"
"Jim Ritcher","Buffalo Bills","--","OG","1958-05-21","North Carolina State","1993"
"Steve Walsh","New Orleans Saints","--","QB","1966-12-01","Miami","1993"
"Reggie Cobb","Tampa Bay Buccaneers","--","RB","1968-07-07","Tennessee","1993"
"Chris Hinton","Atlanta Falcons","--","OG","1961-07-31","Northwestern","1993"
"Kevin Turner","New England Patriots","--","RB","1969-06-12","Alabama","1993"
"Trevor Matich","Indianapolis Colts","--","C","1961-10-09","Brigham Young","1993"
"Lester Archambeau","Atlanta Falcons","--","DE","1967-06-27","Stanford","1993"
"Chris Calloway","New York Giants","--","WR","1968-03-29","Michigan","1993"
"Erik Williams","Dallas Cowboys","--","OT","1968-09-07","Central State","1993"
"John Parrella","Buffalo Bills","--","DT","1969-11-22","Nebraska","1993"
"Ricky Reynolds","Tampa Bay Buccaneers","--","DB","1965-01-19","Washington State","1993"
"James Joseph","Philadelphia Eagles","--","RB","1967-10-28","Auburn","1993"
"Keith Jennings","Chicago Bears","--","TE","1966-05-19","Clemson","1993"
"Eric Allen","Philadelphia Eagles","--","DB","1965-11-22","Arizona State","1993"
"Derrick Oden","Philadelphia Eagles","--","LB","1970-09-29","Alabama","1993"
"Marc Spindler","Detroit Lions","--","DT","1969-11-28","Pittsburgh","1993"
"Carwell Gardner","Buffalo Bills","--","RB","1966-11-27","Louisville","1993"
"Jim McMahon","Minnesota Vikings","--","QB","1959-08-21","Brigham Young","1993"
"Jackie Harris","Green Bay Packers","--","TE","1968-01-04","Northeast Louisiana","1993"
"Jeff Criswell","New York Jets","--","OT","1964-03-07","Graceland","1993"
"Darion Conner","Atlanta Falcons","--","LB","1967-09-28","Jackson State","1993"
"Desmond Howard","Washington Redskins","--","WR","1970-05-15","Michigan","1993"
"Elbert Shelley","Atlanta Falcons","--","DB","1964-12-24","Arkansas State","1993"
"Fred Baxter","New York Jets","--","TE","1971-06-14","Auburn","1993"
"Clarence Jones","New York Giants","--","OT","1968-05-06","Maryland","1993"
"Lewis Bush","San Diego Chargers","--","LB","1969-12-02","Washington State","1993"
"Ricky Siglar","Kansas City Chiefs","--","OT","1966-06-14","San Jose State","1993"
"Bernie Kosar","Cleveland Browns","--","QB","1963-11-25","Miami","1993"
"Dwayne Harper","Seattle Seahawks","--","DB","1966-03-29","South Carolina State","1993"
"David White","New England Patriots","--","LB","1970-02-27","Nebraska","1993"
"Dennis Brown","San Francisco 49ers","--","DE","1967-11-06","Washington","1993"
"Seth Joyner","Philadelphia Eagles","--","LB","1964-11-18","Texas-El Paso","1993"
"Brett Maxie","New Orleans Saints","--","DB","1962-01-13","Texas Southern","1993"
"Rod Bernstine","Denver Broncos","--","RB","1965-02-08","Texas A&amp;M","1993"
"Dennis Gibson","Detroit Lions","--","LB","1964-02-08","Iowa State","1993"
"Chris Jacke","Green Bay Packers","--","K","1966-03-12","Texas-El Paso","1993"
"Dan Owens","Detroit Lions","--","DT","1967-03-16","Southern California","1993"
"Rhett Hall","Tampa Bay Buccaneers","--","DT","1968-12-05","California","1993"
"Darrien Gordon","San Diego Chargers","--","DB","1970-11-14","Stanford","1993"
"Sam Gash","New England Patriots","--","RB","1969-03-07","Penn State","1993"
"Darrin Smith","Dallas Cowboys","--","LB","1970-04-15","Miami","1993"
"Wally Williams","Cleveland Browns","--","OG","1971-02-19","Florida A&amp;M","1993"
"Gary Zimmerman","Denver Broncos","--","OT","1961-12-13","Oregon","1993"
"Randall McDaniel","Minnesota Vikings","--","OG","1964-12-19","Arizona State","1993"
"Michael Jackson","Cleveland Browns","--","WR","1969-04-12","Southern Mississippi","1993"
"Harris Barton","San Francisco 49ers","--","OT","1964-04-19","North Carolina","1993"
"Ed Brady","Tampa Bay Buccaneers","--","LB","1962-06-17","Illinois","1993"
"J.B. Brown","Miami Dolphins","--","DB","1967-01-05","Maryland","1993"
"Dwayne Gordon","Atlanta Falcons","--","LB","1969-11-02","New Hampshire","1993"
"Mark Rypien","Washington Redskins","--","QB","1962-10-02","Washington State","1993"
"David Frisch","Cincinnati Bengals","--","TE","1970-06-22","Colorado State","1993"
"Chris Miller","Atlanta Falcons","--","QB","1975-08-09","Oregon","1993"
"Anthony Pleasant","Cleveland Browns","--","DE","1968-01-27","Tennessee State","1993"
"Sterling Palmer","Washington Redskins","--","DE","1971-02-04","Florida State","1993"
"Mark Maddox","Buffalo Bills","--","LB","1968-03-23","Northern Michigan","1993"
"George Jamison","Detroit Lions","--","LB","1962-09-30","Cincinnati","1993"
"James Willis","Green Bay Packers","--","LB","1972-09-02","Auburn","1993"
"Roman Fortin","Atlanta Falcons","--","C","1967-02-26","San Diego State","1993"
"Ashley Ambrose","Indianapolis Colts","--","DB","1970-09-17","Mississippi Valley State","1993"
"Brad Daluiso","New York Giants","--","K","1967-12-31","UCLA","1993"
"John Alt","Kansas City Chiefs","--","OT","1962-05-30","Iowa","1993"
"Randy Kirk","Cincinnati Bengals","--","LB","1964-12-27","San Diego State","1993"
"Jumpy Geathers","Atlanta Falcons","--","DT","1960-06-26","Wichita State","1993"
"Shawn Jefferson","San Diego Chargers","--","WR","1969-02-22","Central Florida","1993"
"Michael Irvin","Dallas Cowboys","--","WR","1966-03-05","Miami","1993"
"Don Davey","Green Bay Packers","--","DT","1968-04-08","Wisconsin","1993"
"Reggie Roby","Washington Redskins","--","P","1961-07-30","Iowa","1993"
"Jeff Dellenbach","Miami Dolphins","--","OG","1963-02-14","Wisconsin","1993"
"Rob Burnett","Cleveland Browns","--","DE","1967-08-27","Syracuse","1993"
"Aaron Jones","New England Patriots","--","DE","1966-12-18","Eastern Kentucky","1993"
"Shawn Lee","San Diego Chargers","--","DE","1966-10-24","North Alabama","1993"
"Don Griffin","San Francisco 49ers","--","DB","1964-03-17","Middle Tennessee State","1993"
"Glenn Parker","Buffalo Bills","--","OG","1966-04-22","Arizona","1993"
"Doug Widell","Green Bay Packers","--","OG","1966-09-23","Boston College","1993"
"Carlos Jenkins","Minnesota Vikings","--","LB","1968-07-12","Michigan State","1993"
"Leroy Thompson","Pittsburgh Steelers","--","RB","1968-02-03","Penn State","1993"
"Gale Gilbert","Buffalo Bills","--","QB","1961-12-20","California","1993"
"Dan Jones","Cincinnati Bengals","--","OL","1970-07-22","Maine","1993"
"Ray Donaldson","Seattle Seahawks","--","C","1958-05-18","Georgia","1993"
"Ron Heller","Miami Dolphins","--","OT","1962-08-25","Penn State","1993"
"Jeff Brady","San Diego Chargers","--","LB","1968-11-09","Kentucky","1993"
"Lonnie Marts","Kansas City Chiefs","--","LB","1968-11-10","Tulane","1993"
"Bill Brooks","Buffalo Bills","--","WR","1964-04-06","Boston University","1993"
"Jeff Uhlenhake","Miami Dolphins","--","C","1966-01-28","Ohio State","1993"
"Johnny Mitchell","New York Jets","--","TE","1971-01-20","Nebraska","1993"
"Deon Figures","Pittsburgh Steelers","--","DB","1970-01-20","Colorado","1993"
"Roosevelt Potts","Indianapolis Colts","--","RB","1971-01-08","Northeast Louisiana","1993"
"Steve Avery","Pittsburgh Steelers","--","RB","1966-08-18","Northern Michigan","1993"
"Joseph Nash","Seattle Seahawks","--","DT","1960-10-11","Boston College","1993"
"Chris Slade","New England Patriots","--","LB","1971-01-30","Virginia","1993"
"Brad Culpepper","Minnesota Vikings","--","DT","1969-05-08","Florida","1993"
"Ed Simmons","Washington Redskins","--","OT","1963-12-31","Eastern Washington","1993"
"Herman Arvie","Cleveland Browns","--","OT","1970-10-12","Grambling","1993"
"Cornelius Bennett","Buffalo Bills","--","LB","1965-08-25","Alabama","1993"
"Irving Fryar","Miami Dolphins","--","WR","1962-09-28","Nebraska","1993"
"Lawrence Dawsey","Tampa Bay Buccaneers","--","WR","1967-11-16","Florida State","1993"
"Michael McGruder","San Francisco 49ers","--","DB","1964-05-06","Kent State","1993"
"Henry Jones","Buffalo Bills","--","DB","1967-12-29","Illinois","1993"
"Randy Hilliard","Cleveland Browns","--","DB","1967-02-06","Northwestern State","1993"
"Scott Mitchell","Miami Dolphins","--","QB","1968-01-02","Utah","1993"
"John Fina","Buffalo Bills","--","OT","1969-03-11","Arizona","1993"
"Bobby Abrams","Minnesota Vikings","--","LB","1967-04-12","Michigan","1993"
"Marcus Buckley","New York Giants","--","LB","1971-02-03","Texas A&amp;M","1993"
"Damon Pieri","New York Jets","--","DB","1970-09-25","San Diego State","1993"
"Tommy Maddox","Denver Broncos","--","QB","1971-09-02","UCLA","1993"
"Jerry Evans","Denver Broncos","--","TE","1968-09-28","Toledo","1993"
"Zefross Moss","Indianapolis Colts","--","OT","1966-08-17","Alabama State","1993"
"Corwin Brown","New England Patriots","--","DB","1970-04-25","Michigan","1993"
"Jim Kelly","Buffalo Bills","--","QB","1960-02-14","Miami","1993"
"John Hudson","Philadelphia Eagles","--","OG","1968-01-29","Auburn","1993"
"Clyde Simmons","Philadelphia Eagles","--","DE","1964-08-04","Western Carolina","1993"
"Phillippi Sparks","New York Giants","--","DB","1969-04-15","Arizona State","1993"
"Andre Waters","Philadelphia Eagles","--","DB","1962-03-10","Cheyney","1993"
"Dave Garnett","Minnesota Vikings","--","LB","1970-12-06","Stanford","1993"
"Rodney Hampton","New York Giants","--","RB","1969-04-03","Georgia","1993"
"Willie Oshodin","Denver Broncos","--","DE","1969-09-16","Villanova","1993"
"Ray Crittenden","New England Patriots","--","WR","1970-03-01","Virginia Tech","1993"
"Fred Barnett","Philadelphia Eagles","--","WR","1966-06-17","Arkansas State","1993"
"Chris Port","New Orleans Saints","--","OL","1967-11-02","Duke","1993"
"Rod Woodson","Pittsburgh Steelers","--","DB","1965-03-10","Purdue","1993"
"Jeff Sydner","Philadelphia Eagles","--","WR","1969-11-11","Hawaii","1993"
"Monty Brown","Buffalo Bills","--","LB","1970-04-13","Ferris State","1993"
"Dana Stubblefield","San Francisco 49ers","--","DT","1970-11-14","Kansas","1993"
"Gerald Williams","Pittsburgh Steelers","--","DE","1963-09-08","Auburn","1993"
"Shaun Gayle","Chicago Bears","--","DB","1962-03-08","Ohio State","1993"
"Ed King","Cleveland Browns","--","OG","1969-12-03","Auburn","1993"
"Emmitt Smith","Dallas Cowboys","--","RB","1969-05-15","Florida","1993"
"Andre Hastings","Pittsburgh Steelers","--","WR","1970-11-07","Georgia","1993"
"Vernon Turner","Tampa Bay Buccaneers","--","KR","1967-01-06","Carson-Newman","1993"
"Rafael Robinson","Seattle Seahawks","--","DB","1969-06-19","Wisconsin","1993"
"Charles Dimry","Denver Broncos","--","DB","1966-01-31","Nevada-Las Vegas","1993"
"John Johnson","San Francisco 49ers","--","LB","1968-05-08","Clemson","1993"
"Paul Gruber","Tampa Bay Buccaneers","--","OT","1965-02-24","Wisconsin","1993"
"Kerry Cash","Indianapolis Colts","--","TE","1969-08-07","Texas","1993"
"Chris Walsh","Buffalo Bills","--","WR","1968-12-12","Stanford","1993"
"Ronnie Harmon","San Diego Chargers","--","RB","1964-05-07","Iowa","1993"
"Ken Ruettgers","Green Bay Packers","--","OT","1962-08-20","Southern California","1993"
"Marcus Wilson","Green Bay Packers","--","RB","1968-04-16","Virginia","1993"
"Earl Dotson","Green Bay Packers","--","OT","1970-12-17","Texas A&amp;M-Kingsville","1993"
"Adam Walker","San Francisco 49ers","--","RB","1968-06-07","Pittsburgh","1993"
"Vince Buck","New Orleans Saints","--","DB","1968-01-12","Central State","1993"
"Trace Armstrong","Chicago Bears","--","DE","1965-10-05","Florida","1993"
"Alfred Williams","Cincinnati Bengals","--","DE","1968-11-06","Colorado","1993"
"Ben Smith","Philadelphia Eagles","--","DB","1967-05-14","Georgia","1993"
"Tommy Barnhardt","New Orleans Saints","--","P","1963-06-11","North Carolina","1993"
"Mark Tuinei","Dallas Cowboys","--","OT","1960-03-31","Hawaii","1993"
"Eric Lynch","Detroit Lions","--","RB","1970-05-16","Grand Valley State","1993"
"Gary Plummer","San Diego Chargers","--","LB","1960-01-26","California","1993"
"Rico Smith","Cleveland Browns","--","WR","1969-01-14","Colorado","1993"
"John Carney","San Diego Chargers","--","K","1964-04-20","Notre Dame","1993"
"Ashley Sheppard","Minnesota Vikings","--","LB","1969-01-21","Clemson","1993"
"Jerry Rice","San Francisco 49ers","--","WR","1962-10-13","Mississippi Valley State","1993"
"Stacey Dillard","New York Giants","--","DT","1968-09-17","Oklahoma","1993"
"Ron Carpenter","Minnesota Vikings","--","DB","1970-01-20","Miami (OH)","1993"
"Pat Swilling","Detroit Lions","--","LB","1964-10-25","Georgia Tech","1993"
"Henry Thomas","Minnesota Vikings","--","DT","1965-01-12","Louisiana State","1993"
"Bernie Parmalee","Miami Dolphins","--","RB","1967-09-16","Ball State","1993"
"Jesse Campbell","New York Giants","--","DB","1969-04-11","North Carolina State","1993"
"Ricky Sanders","Washington Redskins","--","WR","1960-09-30","Texas State","1993"
"Robert Brooks","Green Bay Packers","--","WR","1970-06-23","South Carolina","1993"
"Vencie Glenn","Minnesota Vikings","--","DB","1964-10-26","Indiana State","1993"
"Ernie Logan","Atlanta Falcons","--","DT","1968-05-18","East Carolina","1993"
"Dave Richards","Detroit Lions","--","OT","1966-04-11","UCLA","1993"
"Joel Smeenge","New Orleans Saints","--","DE","1968-04-01","Western Michigan","1993"
"Jerome Henderson","Buffalo Bills","--","DB","1969-08-08","Clemson","1993"
"Greg Jeffries","Detroit Lions","--","DB","1971-10-16","Virginia","1993"
"Jamie Dukes","Atlanta Falcons","--","C","1964-06-14","Florida State","1993"
"Todd Kelly","San Francisco 49ers","--","DE","1970-11-27","Tennessee","1993"
"Casey Weldon","Tampa Bay Buccaneers","--","QB","1969-02-03","Florida State","1993"
"Drew Bledsoe","New England Patriots","--","QB","1972-02-14","Washington State","1993"
"Pio Sagapolutele","Cleveland Browns","--","DT","1969-11-28","San Diego State","1993"
"Robert Goff","New Orleans Saints","--","DT","1965-10-02","Auburn","1993"
"Amp Lee","San Francisco 49ers","--","RB","1971-10-01","Florida State","1993"
"Mike Bartrum","Kansas City Chiefs","--","TE","1970-06-23","Marshall","1993"
"Terrell Buckley","Green Bay Packers","--","DB","1971-06-07","Florida State","1993"
"Ted Washington","San Francisco 49ers","--","DT","1968-04-13","Louisville","1993"
"Will Wolford","Indianapolis Colts","--","OT","1964-05-18","Vanderbilt","1993"
"Simon Fletcher","Denver Broncos","--","DE","1962-02-18","Houston","1993"
"Ricardo McDonald","Cincinnati Bengals","--","LB","1969-11-08","Pittsburgh","1993"
"Frank Winters","Green Bay Packers","--","C","1964-01-23","Western Illinois","1993"
"Brian Hansen","Cleveland Browns","--","P","1960-10-26","Sioux Falls","1993"
"Jim Sweeney","New York Jets","--","C","1962-08-08","Pittsburgh","1993"
"Glenn Cadrez","New York Jets","--","LB","1970-01-02","Houston","1993"
"Vincent Brisby","New England Patriots","--","WR","1971-01-25","Northeast Louisiana","1993"
"Mark Dennis","Miami Dolphins","--","OT","1965-04-15","Illinois","1993"
"Jason Belser","Indianapolis Colts","--","DB","1970-05-28","Oklahoma","1993"
"Steve DeOssie","New York Giants","--","LB","1962-11-22","Boston College","1993"
"Mel Agee","Atlanta Falcons","--","DT","1968-11-22","Illinois","1993"
"Darryl Morrison","Washington Redskins","--","DB","1971-05-19","Arizona","1993"
"Eric Guliford","Minnesota Vikings","--","WR","1969-10-25","Arizona State","1993"
"Derrick Ned","New Orleans Saints","--","RB","1969-01-05","Grambling","1993"
"Charles Mincy","Kansas City Chiefs","--","DB","1969-12-16","Washington","1993"
"Adrian Hardy","San Francisco 49ers","--","DB","1970-08-16","Northwestern State","1993"
"James Harris","Minnesota Vikings","--","DE","1968-05-13","Temple","1993"
"Tony Stargell","Indianapolis Colts","--","DB","1966-08-07","Tennessee State","1993"
"Martin Harrison","San Francisco 49ers","--","DE","1967-09-20","Washington","1993"
"Courtney Hall","San Diego Chargers","--","C","1968-08-26","Rice","1993"
"Vernon Lewis","New England Patriots","--","DB","1970-10-27","Pittsburgh","1993"
"Mike Arthur","New England Patriots","--","C","1968-05-07","Texas A&amp;M","1993"
"Dave Widell","Denver Broncos","--","C","1965-05-14","Boston College","1993"
"Mike Zandofsky","San Diego Chargers","--","OG","1965-11-30","Washington","1993"
"Mike Horan","New York Giants","--","P","1959-02-01","Long Beach State","1993"
"Bernard Dafney","Minnesota Vikings","--","OT","1968-11-01","Tennessee","1993"
"Pete Metzelaars","Buffalo Bills","--","TE","1960-05-24","Wabash","1993"
"Louis Oliver","Miami Dolphins","--","DB","1966-03-09","Florida","1993"
"Michael Timpson","New England Patriots","--","WR","1967-06-06","Penn State","1993"
"Chuck Smith","Atlanta Falcons","--","DE","1969-12-21","Tennessee","1993"
"Brian Blades","Seattle Seahawks","--","WR","1965-07-24","Miami","1993"
"Dana Hall","San Francisco 49ers","--","DB","1969-07-08","Washington","1993"
"Lee Johnson","Cincinnati Bengals","--","P","1961-11-27","Brigham Young","1993"
"Doug Terry","Kansas City Chiefs","--","DB","1969-12-12","Kansas","1993"
"Leon Searcy","Pittsburgh Steelers","--","OT","1969-12-21","Miami","1993"
"Mark Gunn","New York Jets","--","DT","1968-07-24","Pittsburgh","1993"
"Sean Love","Tampa Bay Buccaneers","--","OG","1968-09-06","Penn State","1993"
"Chip Lohmiller","Washington Redskins","--","K","1966-07-16","Minnesota","1993"
"Johnnie Barnes","San Diego Chargers","--","WR","1968-07-21","Hampton","1993"
"Carl Simpson","Chicago Bears","--","DE","1970-04-18","Florida State","1993"
"Neil Smith","Kansas City Chiefs","--","DE","1966-04-10","Nebraska","1993"
"Kirk Lowdermilk","Indianapolis Colts","--","C","1963-04-10","Ohio State","1993"
"Coleman Rudolph","New York Jets","--","LB","1970-10-22","Georgia Tech","1993"
"Mike Fox","New York Giants","--","DE","1967-08-05","West Virginia","1993"
"Bobby Houston","New York Jets","--","LB","1967-10-26","North Carolina State","1993"
"Kevin Henry","Pittsburgh Steelers","--","DE","1968-10-23","Mississippi State","1993"
"Alonzo Spellman","Chicago Bears","--","DE","1971-09-27","Ohio State","1993"
"Corey Croom","New England Patriots","--","RB","1971-05-22","Ball State","1993"
"Louie Aguiar","New York Jets","--","P","1966-06-30","Utah State","1993"
"Bryce Paup","Green Bay Packers","--","LB","1968-02-29","Northern Iowa","1993"
"Mark Pike","Buffalo Bills","--","LB","1963-12-27","Georgia Tech","1993"
"Tim Harris","Philadelphia Eagles","--","LB","1964-09-10","Memphis","1993"
"Toi Cook","New Orleans Saints","--","DB","1964-12-03","Stanford","1993"
"James Saxon","Miami Dolphins","--","RB","1966-03-23","San Jose State","1993"
"Terrence Warren","Seattle Seahawks","--","WR","1969-08-02","Hampton","1993"
"Lamont Hollinquest","Washington Redskins","--","LB","1970-10-24","Southern California","1993"
"Tyrone Legette","New Orleans Saints","--","DB","1970-02-15","Nebraska","1993"
"Myron Guyton","New York Giants","--","DB","1967-08-26","Eastern Kentucky","1993"
"John Elway","Denver Broncos","--","QB","1960-06-28","Stanford","1993"
"Bob Whitfield","Atlanta Falcons","--","OT","1971-10-18","Stanford","1993"
"Jerrol Williams","San Diego Chargers","--","LB","1967-07-05","Purdue","1993"
"Jeff Robinson","Denver Broncos","--","TE","1970-02-20","Idaho","1993"
"Eric Ball","Cincinnati Bengals","--","RB","1966-07-01","UCLA","1993"
"Ron Hall","Tampa Bay Buccaneers","--","TE","1964-03-15","Hawaii","1993"
"Sam Mills","New Orleans Saints","--","LB","1959-06-03","Montclair State","1993"
"Eugene Chung","New England Patriots","--","C","1969-06-14","Virginia Tech","1993"
"Troy Brown","New England Patriots","--","WR","1971-07-02","Marshall","1993"
"Jeff Herrod","Indianapolis Colts","--","LB","1966-07-29","Mississippi","1993"
"Dave Thomas","Dallas Cowboys","--","DB","1968-08-25","Tennessee","1993"
"Curtis Whitley","San Diego Chargers","--","C","1969-05-10","Clemson","1993"
"Brent Williams","New England Patriots","--","DE","1964-10-23","Toledo","1993"
"Duval Love","Pittsburgh Steelers","--","OG","1963-06-24","UCLA","1993"
"Calvin Williams","Philadelphia Eagles","--","WR","1967-03-03","Purdue","1993"
"Sean Landeta","New York Giants","--","P","1962-01-06","Towson","1993"
"Frank Wainright","New Orleans Saints","--","TE","1967-10-10","Northern Colorado","1993"
"Donald Evans","Pittsburgh Steelers","--","DE","1964-03-14","Winston-Salem State","1993"
"Mark Stepnoski","Dallas Cowboys","--","C","1967-01-20","Pittsburgh","1993"
"Ronnie Williams","Miami Dolphins","--","TE","1966-01-19","Oklahoma State","1993"
"Marty Carter","Tampa Bay Buccaneers","--","DB","1969-12-17","Middle Tennessee State","1993"
"Frankie Smith","Miami Dolphins","--","DB","1968-10-08","Baylor","1993"
"Reggie Johnson","Denver Broncos","--","TE","1968-01-27","Florida State","1993"
"J.J. Birden","Kansas City Chiefs","--","WR","1965-06-16","Oregon","1993"
"Mike Compton","Detroit Lions","--","C","1970-09-18","West Virginia","1993"
"Dwayne Sabb","New England Patriots","--","LB","1969-10-09","New Hampshire","1993"
"Eric Bieniemy","San Diego Chargers","--","RB","1969-08-15","Colorado","1993"
"Chris Gray","Miami Dolphins","--","OG","1970-06-19","Auburn","1993"
"Roger Duffy","New York Jets","--","C","1967-07-16","Penn State","1993"
"Derrick Thomas","Kansas City Chiefs","--","LB","1967-01-01","Alabama","1993"
"Michael Brandon","Indianapolis Colts","--","DE","1968-07-30","Florida","1993"
"Herschel Walker","Philadelphia Eagles","--","RB","1962-03-03","Georgia","1993"
"Rodney Holman","Detroit Lions","--","TE","1960-04-20","Tulane","1993"
"Robert Porcher","Detroit Lions","--","DE","1969-07-30","South Carolina State","1993"
"Keith Cash","Kansas City Chiefs","--","TE","1969-08-07","Texas","1993"
"Wayne Simmons","Green Bay Packers","--","LB","1969-12-15","Clemson","1993"
"Jack Trudeau","Indianapolis Colts","--","QB","1962-09-09","Illinois","1993"
"Cal Dixon","New York Jets","--","C","1969-10-11","Florida","1993"
"Darren Anderson","Tampa Bay Buccaneers","--","DB","1969-01-11","Toledo","1993"
"Tony Tolbert","Dallas Cowboys","--","DE","1967-12-29","Texas-El Paso","1993"
"Leonard Wheeler","Cincinnati Bengals","--","DB","1969-01-15","Troy State","1993"
"Jerry Ball","Cleveland Browns","--","DT","1964-12-15","Southern Methodist","1993"
"Matt LaBounty","San Francisco 49ers","--","DE","1969-01-03","Oregon","1993"
"Ryan Wetnight","Chicago Bears","--","TE","1970-11-05","Stanford","1993"
"Scott Galbraith","Dallas Cowboys","--","TE","1967-01-07","Southern California","1993"
"Rodney Culver","Indianapolis Colts","--","RB","1969-12-23","Notre Dame","1993"
"Troy Vincent","Miami Dolphins","--","DB","1971-06-08","Wisconsin","1993"
"Harper LeBel","Atlanta Falcons","--","TE","1963-07-14","Colorado State","1993"
"Rondell Jones","Denver Broncos","--","DB","1971-05-07","North Carolina","1993"
"Gene Atkins","New Orleans Saints","--","DB","1964-11-22","Florida A&amp;M","1993"
"Ron George","Atlanta Falcons","--","LB","1970-03-20","Stanford","1993"
"Terance Mathis","New York Jets","--","WR","1967-06-07","New Mexico","1993"
"Chris Spielman","Detroit Lions","--","LB","1965-10-11","Ohio State","1993"
"Darryl Hall","Denver Broncos","--","DB","1966-08-01","Washington","1993"
"Mike Tomczak","Pittsburgh Steelers","--","QB","1962-10-23","Ohio State","1993"
"Tony Mayberry","Tampa Bay Buccaneers","--","C","1967-12-08","Wake Forest","1993"
"Charles Evans","Minnesota Vikings","--","RB","1967-04-16","Clark Atlanta","1993"
"Jason Elam","Denver Broncos","--","K","1970-03-08","Hawaii","1993"
"Fred Strickland","Minnesota Vikings","--","LB","1966-08-15","Purdue","1993"
"John Taylor","San Francisco 49ers","--","WR","1962-03-31","Delaware State","1993"
"Bob Kratch","New York Giants","--","OG","1966-01-06","Iowa","1993"
"Erik Kramer","Detroit Lions","--","QB","1964-11-06","North Carolina State","1993"
"Steve Atwater","Denver Broncos","--","DB","1966-10-28","Arkansas","1993"
"Jonathan Hayes","Kansas City Chiefs","--","TE","1962-08-11","Iowa","1993"
"Tony Casillas","Dallas Cowboys","--","DT","1963-10-26","Oklahoma","1993"
"Clifford Hicks","New York Jets","--","DB","1964-08-18","Oregon","1993"
"Brian Washington","New York Jets","--","DB","1965-09-10","Nebraska","1993"
"Scott Radecic","Indianapolis Colts","--","LB","1962-06-14","Penn State","1993"
"Rich Gannon","Washington Redskins","--","QB","1965-12-20","Delaware","1993"
"Britt Hager","Philadelphia Eagles","--","LB","1966-02-20","Texas","1993"
"Pat Harlow","New England Patriots","--","OT","1969-03-16","Southern California","1993"
"Tracy Simien","Kansas City Chiefs","--","LB","1967-05-21","Texas Christian","1993"
"Broderick Thomas","Tampa Bay Buccaneers","--","DE","1967-02-20","Nebraska","1993"
"Justin Strzelczyk","Pittsburgh Steelers","--","OT","1968-08-18","Maine","1993"
"Tony Siragusa","Indianapolis Colts","--","DT","1967-05-14","Pittsburgh","1993"
"Eric Curry","Tampa Bay Buccaneers","--","DE","1970-02-03","Alabama","1993"
"Stanley Richard","San Diego Chargers","--","DB","1967-10-21","Texas","1993"
"Keith Crawford","New York Giants","--","DB","1970-11-21","Howard Payne","1993"
"Morten Andersen","New Orleans Saints","--","K","1960-08-19","Michigan State","1993"
"Rob Selby","Philadelphia Eagles","--","OG","1967-10-11","Auburn","1993"
"Vinny Testaverde","Cleveland Browns","--","QB","1963-11-13","Miami","1993"
"Richard Dent","Chicago Bears","--","DE","1960-12-13","Tennessee State","1993"
"Willie Davis","Kansas City Chiefs","--","WR","1967-10-10","Central Arkansas","1993"
"Joe Phillips","Kansas City Chiefs","--","DT","1963-07-15","Southern Methodist","1993"
"Bennie Blades","Detroit Lions","--","DB","1966-09-03","Miami","1993"
"Dan Footman","Cleveland Browns","--","DE","1969-01-13","Florida State","1993"
"Vince Workman","Tampa Bay Buccaneers","--","RB","1968-05-09","Ohio State","1993"
"David Brandon","Cleveland Browns","--","LB","1965-02-09","Memphis","1993"
"Adam Lingner","Buffalo Bills","--","C","1960-11-02","Illinois","1993"
"Brad Baxter","New York Jets","--","RB","1967-05-05","Alabama State","1993"
"David Lutz","Detroit Lions","--","OG","1959-12-20","Georgia Tech","1993"
"Tony McGee","Cincinnati Bengals","--","TE","1971-04-21","Michigan","1993"
"Jeff Query","Cincinnati Bengals","--","WR","1967-03-07","Millikin","1993"
"Wade Wilson","New Orleans Saints","--","QB","1959-02-01","Texas A&amp;M-Commerce","1993"
"David Merritt","Miami Dolphins","--","LB","1971-09-08","North Carolina State","1993"
"Norm Johnson","Atlanta Falcons","--","K","1960-05-31","UCLA","1993"
"Roy Barker","Minnesota Vikings","--","DE","1969-02-14","North Carolina","1993"
"Rich Miano","Philadelphia Eagles","--","DB","1962-09-03","Hawaii","1993"
"Richie Anderson","New York Jets","--","RB","1971-09-13","Penn State","1993"
"Torrance Small","New Orleans Saints","--","WR","1970-09-06","Alcorn State","1993"
"Jay Novacek","Dallas Cowboys","--","TE","1962-10-24","Wyoming","1993"
"Darren Woodson","Dallas Cowboys","--","DB","1969-04-25","Arizona State","1993"
"Matt Darby","Buffalo Bills","--","DB","1968-11-19","UCLA","1993"
"Doug Evans","Green Bay Packers","--","DB","1970-05-13","Louisiana Tech","1993"
"Mark Higgs","Miami Dolphins","--","RB","1966-04-11","Kentucky","1993"
"Robert Smith","Minnesota Vikings","--","RB","1972-03-04","Ohio State","1993"
"Bart Oates","New York Giants","--","C","1958-12-16","Brigham Young","1993"
"Darren Mickell","Kansas City Chiefs","--","DE","1970-08-03","Florida","1993"
"Muhammad Oliver","Kansas City Chiefs","--","DB","1969-03-12","Oregon","1993"
"Craig Erickson","Tampa Bay Buccaneers","--","QB","1969-05-17","Miami","1993"
"Stan Gelbaugh","Seattle Seahawks","--","QB","1962-12-04","Maryland","1993"
"Danny Villa","Kansas City Chiefs","--","C","1964-09-21","Arizona State","1993"
"Tony Bennett","Green Bay Packers","--","DE","1967-07-01","Mississippi","1993"
"Thurman Thomas","Buffalo Bills","--","RB","1966-05-16","Oklahoma State","1993"
"Bruce Smith","Buffalo Bills","--","DE","1963-06-18","Virginia Tech","1993"
"Todd Scott","Minnesota Vikings","--","DB","1968-01-23","Southwestern Louisiana","1993"
"Pete Stoyanovich","Miami Dolphins","--","K","1967-04-28","Indiana","1993"
"Reggie McElroy","Kansas City Chiefs","--","OT","1960-03-04","West Texas A&amp;M","1993"
"Eric Metcalf","Cleveland Browns","--","RB","1968-01-23","Texas","1993"
"Harry Boatswain","San Francisco 49ers","--","OG","1969-06-26","New Haven","1993"
"Ariel Solomon","Pittsburgh Steelers","--","C","1968-07-16","Colorado","1993"
"Eric Davis","San Francisco 49ers","--","DB","1968-01-26","Jacksonville State","1993"
"Wesley Walls","San Francisco 49ers","--","TE","1966-02-26","Mississippi","1993"
"Louis Riddick","Cleveland Browns","--","DB","1969-03-15","Pittsburgh","1993"
"Richmond Webb","Miami Dolphins","--","OT","1967-01-11","Texas A&amp;M","1993"
"Browning Nagle","New York Jets","--","QB","1968-04-29","Louisville","1993"
"David Tate","New York Giants","--","DB","1964-11-22","Colorado","1993"
"Chidi Ahanotu","Tampa Bay Buccaneers","--","DE","1970-10-11","California","1993"
"Joe Walter","Cincinnati Bengals","--","OT","1963-06-18","Texas Tech","1993"
"Kevin Sargent","Cincinnati Bengals","--","OT","1969-03-31","Eastern Washington","1993"
"Jeff George","Indianapolis Colts","--","QB","1967-12-08","Illinois","1993"
"Yancey Thigpen","Pittsburgh Steelers","--","WR","1969-08-15","Winston-Salem State","1993"
"William Thomas","Philadelphia Eagles","--","LB","1968-08-13","Texas A&amp;M","1993"
"Ed West","Green Bay Packers","--","TE","1961-08-02","Auburn","1993"
"John Randle","Minnesota Vikings","--","DE","1967-12-12","Texas A&amp;M-Kingsville","1993"
"Chris Gardocki","Chicago Bears","--","P","1970-02-07","Clemson","1993"
"Eddie Murray","Dallas Cowboys","--","K","1956-08-29","Tulane","1993"
"Jessie Tuggle","Atlanta Falcons","--","LB","1965-02-14","Valdosta State","1993"
"Nate Singleton","San Francisco 49ers","--","WR","1968-07-05","Grambling","1993"
"Carnell Lake","Pittsburgh Steelers","--","DB","1967-07-15","UCLA","1993"
"Shane Dronett","Denver Broncos","--","DT","1971-01-12","Texas","1993"
"Ricky Watters","San Francisco 49ers","--","RB","1969-04-07","Notre Dame","1993"
"Paul Butcher","Indianapolis Colts","--","LB","1963-11-08","Wayne State (MI)","1993"
"Andre Reed","Buffalo Bills","--","WR","1964-01-29","Kutztown","1993"
"Jimmy Spencer","New Orleans Saints","--","DB","1969-03-29","Florida","1993"
"Kenneth Gant","Dallas Cowboys","--","DB","1967-04-18","Albany State","1993"
"Brock Marion","Dallas Cowboys","--","DB","1970-06-11","Nevada","1993"
"Robb Thomas","Seattle Seahawks","--","WR","1966-03-29","Oregon State","1993"
"Tim Grunhard","Kansas City Chiefs","--","C","1968-05-17","Notre Dame","1993"
"Mark Royals","Pittsburgh Steelers","--","P","1965-06-22","Appalachian State","1993"
"Gene Williams","Cleveland Browns","--","OG","1968-10-14","Iowa State","1993"
"Victor Bailey","Philadelphia Eagles","--","WR","1970-07-03","Missouri","1993"
"Vaughn Hebron","Philadelphia Eagles","--","RB","1970-10-07","Virginia Tech","1993"
"Kyle Clifton","New York Jets","--","LB","1962-08-23","Texas Christian","1993"
"Selwyn Jones","Cleveland Browns","--","DB","1970-05-13","Colorado State","1993"
"Kurt Barber","New York Jets","--","DE","1969-01-05","Southern California","1993"
"Thomas McLemore","Cleveland Browns","--","TE","1970-03-14","Southern","1993"
"Darryl Williams","Cincinnati Bengals","--","DB","1970-01-07","Miami","1993"
"Lamar Thomas","Tampa Bay Buccaneers","--","WR","1970-02-12","Miami","1993"
"Brad Edwards","Washington Redskins","--","DB","1966-03-22","South Carolina","1993"
"Rick Tuten","Seattle Seahawks","--","P","1965-01-05","Florida State","1993"
"Steve Hendrickson","San Diego Chargers","--","LB","1966-08-30","California","1993"
"Kevin Gogan","Dallas Cowboys","--","OG","1964-11-02","Washington","1993"
"Olanda Truitt","Minnesota Vikings","--","WR","1971-01-04","Mississippi State","1993"
"Chris Zorich","Chicago Bears","--","DT","1969-03-13","Notre Dame","1993"
"Corey Raymond","New York Giants","--","DB","1969-07-28","Louisiana State","1993"
"Joe Cain","Chicago Bears","--","LB","1965-06-11","Oregon Tech","1993"
"Johnny Thomas","Washington Redskins","--","DB","1964-08-03","Baylor","1993"
"Ken Tippins","Atlanta Falcons","--","LB","1966-07-22","Middle Tennessee State","1993"
"Rohn Stark","Indianapolis Colts","--","P","1959-05-04","Florida State","1993"
"Dan Saleaumua","Kansas City Chiefs","--","DT","1964-11-25","Arizona State","1993"
"Roger Harper","Atlanta Falcons","--","DB","1970-10-26","Ohio State","1993"
"Bryan Wagner","Green Bay Packers","--","P","1962-03-28","Cal State-Northridge","1993"
"Chris Gedney","Chicago Bears","--","TE","1970-08-09","Syracuse","1993"
"Keith Hamilton","New York Giants","--","DT","1971-05-25","Pittsburgh","1993"
"Marcus Dowdell","New Orleans Saints","--","WR","1970-05-22","Tennessee State","1993"
"Todd Kalis","Minnesota Vikings","--","OG","1965-05-10","Arizona State","1993"
"Chris Green","Miami Dolphins","--","DB","1968-02-26","Illinois","1993"
"Tim McDonald","San Francisco 49ers","--","DB","1965-01-06","Southern California","1993"
"Troy Sadowski","New York Jets","--","TE","1965-12-08","Georgia","1993"
"Corey Miller","New York Giants","--","LB","1968-10-25","South Carolina","1993"
"Rob Carpenter","New York Jets","--","WR","1968-08-01","Syracuse","1993"
"Scott Zolak","New England Patriots","--","QB","1967-12-13","Maryland","1993"
"Bennie Thompson","Kansas City Chiefs","--","DB","1963-02-10","Grambling","1993"
"Jesse Sapolu","San Francisco 49ers","--","C","1961-03-10","Hawaii","1993"
"Matt Vanderbeek","Dallas Cowboys","--","LB","1967-08-16","Michigan State","1993"
"Steve Emtman","Indianapolis Colts","--","DT","1970-04-16","Washington","1993"
"Terry Kirby","Miami Dolphins","--","RB","1970-01-20","Virginia","1993"
"Troy Wilson","San Francisco 49ers","--","DE","1970-11-22","Pittsburg State","1993"
"Blair Thomas","New York Jets","--","RB","1967-10-07","Penn State","1993"
"Daryl Johnston","Dallas Cowboys","--","RB","1966-02-10","Syracuse","1993"
"Howard Ballard","Buffalo Bills","--","OT","1963-11-03","Alabama A&amp;M","1993"
"Dan Stryzinski","Tampa Bay Buccaneers","--","P","1965-05-15","Indiana","1993"
"Cedric Tillman","Denver Broncos","--","WR","1970-07-22","Alcorn State","1993"
"Quinn Early","New Orleans Saints","--","WR","1965-04-13","Iowa","1993"
"Kimble Anders","Kansas City Chiefs","--","RB","1966-09-10","Houston","1993"
"Siupeli Malamala","New York Jets","--","OT","1969-01-15","Washington","1993"
"Marquez Pope","San Diego Chargers","--","DB","1970-10-29","Fresno State","1993"
"Tim McKyer","Detroit Lions","--","DB","1963-09-05","Texas-Arlington","1993"
"Mike Keim","Seattle Seahawks","--","OT","1965-11-12","Brigham Young","1993"
"Tyrone Braxton","Denver Broncos","--","DB","1964-12-17","North Dakota State","1993"
"Ben Coates","New England Patriots","--","TE","1969-08-16","Livingstone","1993"
"Jim Jeffcoat","Dallas Cowboys","--","DE","1961-04-01","Arizona State","1993"
"Deems May","San Diego Chargers","--","TE","1969-03-06","North Carolina","1993"
"Sean Vanhorse","San Diego Chargers","--","DB","1968-07-22","Howard","1993"
"Duane Young","San Diego Chargers","--","TE","1968-05-29","Michigan State","1993"
"Randy Baldwin","Cleveland Browns","--","RB","1967-08-19","Mississippi","1993"
"Bob Dahl","Cleveland Browns","--","OG","1968-01-15","Notre Dame","1993"
"James Washington","Dallas Cowboys","--","DB","1965-01-10","UCLA","1993"
"Jerry Fontenot","Chicago Bears","--","C","1966-11-21","Texas A&amp;M","1993"
"Jim Dombrowski","New Orleans Saints","--","OG","1963-10-19","Virginia","1993"
"Darren Perry","Pittsburgh Steelers","--","DB","1968-12-29","Penn State","1993"
"James Parrish","San Francisco 49ers","--","OT","1968-05-19","Temple","1993"
"Jeff Zgonina","Pittsburgh Steelers","--","DT","1970-05-24","Purdue","1993"
"Jake Reed","Minnesota Vikings","--","WR","1967-09-28","Grambling","1993"
"Jason Garrett","Dallas Cowboys","--","QB","1966-03-28","Princeton","1993"
"Kevin Miniefield","Chicago Bears","--","DB","1970-03-02","Arizona State","1993"
"Willie Clay","Detroit Lions","--","DB","1970-09-05","Georgia Tech","1993"
"Joe Valerio","Kansas City Chiefs","--","C","1969-02-11","Pennsylvania","1993"
"Les Miller","New Orleans Saints","--","DE","1965-03-01","Fort Hays State","1993"
"Adrian Murrell","New York Jets","--","RB","1970-10-16","West Virginia","1993"
"Lester Holmes","Philadelphia Eagles","--","OG","1969-09-27","Jackson State","1993"
"Rickey Jackson","New Orleans Saints","--","LB","1958-03-20","Pittsburgh","1993"
"Carlton Gray","Seattle Seahawks","--","DB","1971-06-26","UCLA","1993"
"Carl Banks","Washington Redskins","--","LB","1962-08-29","Michigan State","1993"
"Irv Smith","New Orleans Saints","--","TE","1971-10-13","Notre Dame","1993"
"Eugene Robinson","Seattle Seahawks","--","DB","1963-05-28","Colgate","1993"
"Chris Doleman","Minnesota Vikings","--","DE","1961-10-16","Pittsburgh","1993"
"Lewis Tillman","New York Giants","--","RB","1966-04-16","Jackson State","1993"
"Steve Young","San Francisco 49ers","--","QB","1961-10-11","Brigham Young","1993"
"Adam Schreiber","Minnesota Vikings","--","C","1962-02-20","Texas","1993"
"Derrick Walker","San Diego Chargers","--","TE","1967-06-23","Michigan","1993"
"Martin Mayhew","Tampa Bay Buccaneers","--","DB","1965-10-08","Florida State","1993"
"Victor Green","New York Jets","--","DB","1969-12-08","Akron","1993"
"Alton Montgomery","Atlanta Falcons","--","DB","1968-06-16","Houston","1993"
"Greg Huntington","Washington Redskins","--","C","1970-09-22","Penn State","1993"
"Dwight Stone","Pittsburgh Steelers","--","WR","1964-01-28","Middle Tennessee State","1993"
"Steve Broussard","Atlanta Falcons","--","RB","1967-02-22","Washington State","1993"
"Raylee Johnson","San Diego Chargers","--","DE","1970-06-01","Arkansas","1993"
"Mark Wheeler","Tampa Bay Buccaneers","--","DT","1970-04-01","Texas A&amp;M","1993"
"David Alexander","Philadelphia Eagles","--","C","1964-07-28","Tulsa","1993"
"Lincoln Kennedy","Atlanta Falcons","--","OT","1971-02-12","Washington","1993"
"Mike Gisler","New England Patriots","--","C","1969-08-26","Houston","1993"
"Richard Harvey","Buffalo Bills","--","LB","1966-09-11","Tulane","1993"
"Kent Graham","New York Giants","--","QB","1968-11-01","Ohio State","1993"
"Rich Griffith","New England Patriots","--","TE","1969-07-31","Arizona","1993"
"Matt Blundin","Kansas City Chiefs","--","QB","1969-03-07","Virginia","1993"
"Steve Everitt","Cleveland Browns","--","C","1970-08-21","Michigan","1993"
"Eddie Sutter","Cleveland Browns","--","LB","1969-10-03","Northwestern","1993"
"Keith Traylor","Green Bay Packers","--","DT","1969-09-03","Central Oklahoma","1993"
"Greg Manusky","Minnesota Vikings","--","LB","1966-08-18","Colgate","1993"
"Derrick Moore","Detroit Lions","--","RB","1967-10-13","Northeastern Oklahoma","1993"
"John Jett","Dallas Cowboys","--","P","1968-11-11","East Carolina","1993"
"Troy Auzenne","Chicago Bears","--","OT","1969-06-26","California","1993"
"Tyrone Hughes","New Orleans Saints","--","DB","1970-01-14","Nebraska","1993"
"Everett Lindsay","Minnesota Vikings","--","OG","1970-09-18","Mississippi","1993"
"Craig Keith","Pittsburgh Steelers","--","TE","1971-04-27","Lenoir-Rhyne","1993"
"Sean Dawkins","Indianapolis Colts","--","WR","1971-02-03","California","1993"
"Will Shields","Kansas City Chiefs","--","OG","1971-09-15","Nebraska","1993"
"Terry Ray","New England Patriots","--","DB","1969-10-12","Oklahoma","1993"
"Mark Chmura","Green Bay Packers","--","TE","1969-02-22","Boston College","1993"
"Tom Rouen","Denver Broncos","--","P","1968-06-09","Colorado","1993"
"Pierce Holt","Atlanta Falcons","--","DT","1962-01-01","Angelo State","1993"
"Keith Goganious","Buffalo Bills","--","LB","1968-12-07","Penn State","1993"
"Kent Hull","Buffalo Bills","--","C","1961-01-13","Mississippi State","1993"
"Erik Howard","New York Giants","--","DT","1964-11-12","Washington State","1993"
"Eugene Daniel","Indianapolis Colts","--","DB","1961-05-04","Louisiana State","1993"
"John Gesek","Dallas Cowboys","--","C","1963-02-18","Sacramento State","1993"
"Mark Seay","San Diego Chargers","--","WR","1967-04-11","Long Beach State","1993"
"Don Beebe","Buffalo Bills","--","WR","1964-12-18","Chadron State","1993"
"Kevin Ross","Kansas City Chiefs","--","DB","1962-01-16","Temple","1993"
"Kirk Scrafford","Denver Broncos","--","OT","1967-03-16","Montana","1993"
"Bernard Wilson","Tampa Bay Buccaneers","--","DT","1970-08-17","Tennessee State","1993"
"Dave Brown","New York Giants","--","QB","1970-02-25","Duke","1993"
"Andre Collins","Washington Redskins","--","LB","1968-05-04","Penn State","1993"
"Reggie Rivers","Denver Broncos","--","RB","1968-02-22","Texas State","1993"
"Klaus Wilmsmeyer","San Francisco 49ers","--","P","1967-12-04","Louisville","1993"
"Hardy Nickerson","Tampa Bay Buccaneers","--","LB","1965-09-01","California","1993"
"Keith Jackson","Miami Dolphins","--","TE","1965-04-19","Oklahoma","1993"
"Robert Blackmon","Seattle Seahawks","--","DB","1967-05-12","Baylor","1993"
"Bruce Armstrong","New England Patriots","--","OT","1965-09-07","Louisville","1993"
"Jeff Christy","Minnesota Vikings","--","C","1969-02-03","Pittsburgh","1993"
"Mickey Washington","Buffalo Bills","--","DB","1968-07-08","Texas A&amp;M","1993"
"Albert Fontenot","Chicago Bears","--","DE","1970-09-17","Baylor","1993"
"Scott Brumfield","Cincinnati Bengals","--","OG","1970-08-19","Brigham Young","1993"
"Dante Jones","Chicago Bears","--","LB","1965-03-23","Oklahoma","1993"
"Craig Heyward","Chicago Bears","--","RB","1966-09-26","Pittsburgh","1993"
"Pepper Johnson","Cleveland Browns","--","LB","1964-07-29","Ohio State","1993"
"Neil O'Donnell","Pittsburgh Steelers","--","QB","1966-07-03","Maryland","1993"
"Doug Pederson","Miami Dolphins","--","QB","1968-01-31","Northeast Louisiana","1993"
"Ralph Tamm","San Francisco 49ers","--","OG","1966-03-11","West Chester","1993"
"Bryan Barker","Kansas City Chiefs","--","P","1964-06-28","Santa Clara","1993"
"Ken Norton","Dallas Cowboys","--","LB","1966-09-29","UCLA","1993"
"Mo Lewis","New York Jets","--","LB","1969-10-21","Georgia","1993"
"Mark Schlereth","Washington Redskins","--","OG","1966-01-25","Idaho","1993"
"Jimmie Johnson","Detroit Lions","--","TE","1966-10-06","Howard","1993"
"Jay Leeuwenburg","Chicago Bears","--","OG","1969-06-18","Colorado","1993"
"Harry Colon","Detroit Lions","--","DB","1969-02-14","Missouri","1993"
"Marv Cook","New England Patriots","--","TE","1966-02-24","Iowa","1993"
"Derrick Fenner","Cincinnati Bengals","--","RB","1967-04-06","North Carolina","1993"
"A.J. Johnson","Washington Redskins","--","DB","1967-06-22","Texas State","1993"
"Cary Blanchard","New York Jets","--","K","1968-11-05","Oklahoma State","1993"
"David Whitmore","Kansas City Chiefs","--","DB","1967-07-06","Stephen F. Austin","1993"
"Kurt Gouveia","Washington Redskins","--","LB","1964-09-14","Brigham Young","1993"
"Mike Devlin","Buffalo Bills","--","C","1969-11-16","Iowa","1993"
"Jason Hanson","Detroit Lions","--","K","1970-06-17","Washington State","1993"
"David Meggett","New York Giants","--","RB","1966-04-30","Towson","1993"
"Bobby Hebert","Atlanta Falcons","--","QB","1960-08-19","Northwestern State","1993"
"Anthony Prior","New York Jets","--","DB","1970-03-27","Washington State","1993"
"Barry Minter","Chicago Bears","--","LB","1970-01-28","Tulsa","1993"
"Merton Hanks","San Francisco 49ers","--","DB","1968-03-12","Iowa","1993"
"Jeff Thomason","Cincinnati Bengals","--","TE","1969-12-30","Oregon","1993"
"Kurt Schulz","Buffalo Bills","--","DB","1968-12-12","Eastern Washington","1993"
"Keshon Johnson","Chicago Bears","--","DB","1970-07-17","Arizona","1993"
"Frank Cornish","Dallas Cowboys","--","C","1967-09-24","UCLA","1993"
"Nate Newton","Dallas Cowboys","--","OG","1961-12-20","Florida A&amp;M","1993"
"Brent Jones","San Francisco 49ers","--","TE","1963-02-12","Santa Clara","1993"
"Shawn Price","Tampa Bay Buccaneers","--","DE","1970-03-28","Pacific","1993"
"John Copeland","Cincinnati Bengals","--","DT","1970-09-20","Alabama","1993"
"Ty Hallock","Detroit Lions","--","RB","1971-04-30","Michigan State","1993"
"Mike Sullivan","Tampa Bay Buccaneers","--","OG","1967-12-22","Miami","1993"
"Richard Cooper","New Orleans Saints","--","OT","1964-11-01","Tennessee","1993"
"Robert Harris","Minnesota Vikings","--","DT","1969-06-13","Southern","1993"
"Gilbert Brown","Green Bay Packers","--","DT","1971-02-22","Kansas","1993"
"Ronnie Bradford","Denver Broncos","--","DB","1970-10-01","Colorado","1993"
"Tom McHale","Philadelphia Eagles","--","OT","1963-02-25","Cornell","1993"
"Joel Steed","Pittsburgh Steelers","--","DT","1969-02-17","Colorado","1993"
"Howard Cross","New York Giants","--","TE","1967-08-08","Alabama","1993"
"Steve Christie","Buffalo Bills","--","K","1967-11-13","William &amp; Mary","1993"
"Tony Martin","Miami Dolphins","--","WR","1965-09-05","Mesa State","1993"
"Curtis Conway","Chicago Bears","--","WR","1971-03-13","Southern California","1993"
"Sean Salisbury","Minnesota Vikings","--","QB","1963-03-09","Southern California","1993"
"Scott Dill","Tampa Bay Buccaneers","--","OT","1966-04-05","Memphis","1993"
"Ty Parten","Cincinnati Bengals","--","DT","1969-10-13","Arizona","1993"
"Leonard Russell","New England Patriots","--","RB","1969-11-17","Arizona State","1993"
"Jumbo Elliott","New York Giants","--","OT","1965-04-01","Michigan","1993"
"Mike Croel","Denver Broncos","--","DE","1969-06-06","Nebraska","1993"
"Fred McAfee","New Orleans Saints","--","RB","1968-06-20","Mississippi College","1993"
"Stephen Grant","Indianapolis Colts","--","LB","1969-12-23","West Virginia","1993"
"Kendall Gammon","Pittsburgh Steelers","--","TE","1968-10-23","Pittsburg State","1993"
"Doug Pelfrey","Cincinnati Bengals","--","K","1970-09-25","Kentucky","1993"
"Tim Jacobs","Cleveland Browns","--","DB","1970-04-05","Delaware","1993"
"Stevon Moore","Cleveland Browns","--","DB","1967-02-09","Mississippi","1993"
"Devon McDonald","Indianapolis Colts","--","LB","1969-11-08","Notre Dame","1993"
"Russell Maryland","Dallas Cowboys","--","DT","1969-03-22","Miami","1993"
"Tracy Rogers","Kansas City Chiefs","--","LB","1967-08-13","Fresno State","1993"
"Paul Frase","New York Jets","--","DE","1965-05-05","Syracuse","1993"
"Nick Lowery","Kansas City Chiefs","--","K","1956-05-27","Dartmouth","1993"
"Rodney Peete","Detroit Lions","--","QB","1966-03-16","Southern California","1993"
"Tommy Vardell","Cleveland Browns","--","RB","1969-02-20","Stanford","1993"
"O.J. McDuffie","Miami Dolphins","--","WR","1969-12-02","Penn State","1993"
"Jerry Olsavsky","Pittsburgh Steelers","--","LB","1967-03-29","Pittsburgh","1993"
"David Szott","Kansas City Chiefs","--","OG","1967-12-12","Penn State","1993"
"Chad Brown","Pittsburgh Steelers","--","LB","1970-07-12","Colorado","1993"
"Marvin Washington","New York Jets","--","DE","1965-10-22","Idaho","1993"
"Ricky Ervins","Washington Redskins","--","RB","1968-12-07","Southern California","1993"
"Ronnie Dixon","New Orleans Saints","--","DT","1971-05-10","Cincinnati","1993"
"Quentin Coryatt","Indianapolis Colts","--","LB","1970-08-01","Texas A&amp;M","1993"
"Jeff Cross","Miami Dolphins","--","DE","1966-03-25","Missouri","1993"
"Lin Elliott","Dallas Cowboys","--","K","1968-11-11","Texas Tech","1993"
"Matt Stover","Cleveland Browns","--","K","1968-01-27","Louisiana Tech","1993"
"Michael Sinclair","Seattle Seahawks","--","DE","1968-01-31","Eastern New Mexico","1993"
"Jack Del Rio","Minnesota Vikings","--","LB","1963-04-04","Southern California","1993"
"Broderick Thompson","Philadelphia Eagles","--","OT","1960-08-14","Kansas","1993"
"Karl Dunbar","New Orleans Saints","--","DT","1967-05-18","Louisiana State","1993"
"Eric Castle","San Diego Chargers","--","DB","1970-03-15","Oregon","1993"
"Bill Romanowski","San Francisco 49ers","--","LB","1966-04-02","Boston College","1993"
"Gary Jones","Pittsburgh Steelers","--","DB","1967-11-30","Texas A&amp;M","1993"
"Godfrey Myles","Dallas Cowboys","--","LB","1968-09-22","Florida","1993"
"Cris Carter","Minnesota Vikings","--","WR","1965-11-25","Ohio State","1993"
"Moe Gardner","Atlanta Falcons","--","DT","1968-08-10","Illinois","1993"
"Deion Sanders","Atlanta Falcons","--","DB","1967-08-09","Florida State","1993"
"Earnest Byner","Washington Redskins","--","RB","1962-09-15","East Carolina","1993"
"Demetrius DuBose","Tampa Bay Buccaneers","--","LB","1971-03-23","Notre Dame","1993"
"Greg Jackson","New York Giants","--","DB","1966-08-20","Louisiana State","1993"
"Ryan McNeil","Detroit Lions","--","DB","1970-10-04","Miami","1993"
"John Lynch","Tampa Bay Buccaneers","--","DB","1971-09-25","Stanford","1993"
"Fuad Reveiz","Minnesota Vikings","--","K","1963-02-24","Tennessee","1993"
"Shawn Bouwens","Detroit Lions","--","OG","1968-05-25","Nebraska Wesleyan","1993"
"Lonnie Young","New York Jets","--","DB","1963-07-18","Michigan State","1993"
"Otis Smith","Philadelphia Eagles","--","DB","1965-10-22","Missouri","1993"
"Jessie Armstead","New York Giants","--","LB","1970-10-26","Miami","1993"
"Leslie O'Neal","San Diego Chargers","--","DE","1964-05-07","Oklahoma State","1993"
"Willie Green","Detroit Lions","--","WR","1966-04-02","Mississippi","1993"
"Michael Bates","Seattle Seahawks","--","WR","1969-12-19","Arizona","1993"
"Greg Kragen","Denver Broncos","--","DT","1962-03-04","Utah State","1993"
"Steve Bono","San Francisco 49ers","--","QB","1962-05-11","UCLA","1993"
"Tracy Scroggins","Detroit Lions","--","DE","1969-09-11","Tulsa","1993"
"David Wyman","Denver Broncos","--","LB","1964-03-31","Stanford","1993"
"Mike Prior","Green Bay Packers","--","DB","1963-11-14","Illinois State","1993"
"Edgar Bennett","Green Bay Packers","--","RB","1969-02-15","Florida State","1993"
"Darnell Walker","Atlanta Falcons","--","DB","1970-01-17","Oklahoma","1993"
"Ty Detmer","Green Bay Packers","--","QB","1967-10-30","Brigham Young","1993"
"Leroy Hoard","Cleveland Browns","--","RB","1968-05-15","Michigan","1993"
"Alfred Pupunu","San Diego Chargers","--","TE","1969-10-17","Weber State","1993"
"Darrick Brilz","Seattle Seahawks","--","C","1964-02-14","Oregon State","1993"
"Esera Tuaolo","Minnesota Vikings","--","DT","1968-07-11","Oregon State","1993"
"Derrick Graham","Kansas City Chiefs","--","OG","1967-03-18","Appalachian State","1993"
"Keith Byars","Miami Dolphins","--","RB","1963-10-14","Ohio State","1993"
"James Jenkins","Washington Redskins","--","TE","1967-08-17","Rutgers","1993"
"Jeremy Lincoln","Chicago Bears","--","DB","1969-04-07","Tennessee","1993"
"Anthony Morgan","Green Bay Packers","--","WR","1967-11-15","Tennessee","1993"
"Horace Copeland","Tampa Bay Buccaneers","--","WR","1971-01-02","Miami","1993"
"Nate Lewis","San Diego Chargers","--","WR","1966-10-19","Oregon Tech","1993"
"Thomas Everett","Dallas Cowboys","--","DB","1964-11-21","Baylor","1993"
"Dexter Carter","San Francisco 49ers","--","RB","1967-09-15","Florida State","1993"
"Tracy Hayworth","Detroit Lions","--","LB","1967-12-18","Tennessee","1993"
"Oliver Barnett","Buffalo Bills","--","DE","1966-04-09","Kentucky","1993"
"Ed McDaniel","Minnesota Vikings","--","LB","1969-02-23","Clemson","1993"
"Scott Conover","Detroit Lions","--","OG","1968-09-27","Purdue","1993"
"Chris Singleton","Miami Dolphins","--","LB","1967-02-20","Arizona","1993"
"Scott Davis","New York Giants","--","OG","1970-01-29","Iowa","1993"
"Ronnie Harris","New England Patriots","--","WR","1970-06-04","Oregon","1993"
"Terry Taylor","Cleveland Browns","--","DB","1961-07-18","Southern Illinois","1993"
"Harvey Williams","Kansas City Chiefs","--","RB","1967-04-22","Louisiana State","1993"
"Mike Pritchard","Atlanta Falcons","--","WR","1969-10-26","Colorado","1993"
"Chris Dalman","San Francisco 49ers","--","OG","1970-03-15","Stanford","1993"
"Aaron Pierce","New York Giants","--","TE","1969-09-06","Washington","1993"
"Doug Riesenberg","New York Giants","--","OT","1965-07-22","California","1993"
"Reggie Brooks","Washington Redskins","--","RB","1971-01-19","Notre Dame","1993"
"Tommy Jeter","Philadelphia Eagles","--","DT","1969-09-20","Texas","1993"
"Dave Krieg","Kansas City Chiefs","--","QB","1958-10-20","Milton","1993"
"Adrian Cooper","Pittsburgh Steelers","--","TE","1968-04-27","Oklahoma","1993"
"Billy Joe Tolliver","Atlanta Falcons","--","QB","1966-02-07","Texas Tech","1993"
"Michael Husted","Tampa Bay Buccaneers","--","K","1970-06-16","Virginia","1993"
"David Klingler","Cincinnati Bengals","--","QB","1969-02-17","Houston","1993"
"Ray Brown","Washington Redskins","--","OG","1962-12-12","Arkansas State","1993"
"Keith Taylor","New Orleans Saints","--","DB","1964-12-21","Illinois","1993"
"Roger Jones","Tampa Bay Buccaneers","--","DB","1969-04-22","Tennessee State","1993"
"Mel Gray","Detroit Lions","--","WR","1961-03-16","Purdue","1993"
"Brett Favre","Green Bay Packers","--","QB","1969-10-10","Southern Mississippi","1993"
"Raleigh McKenzie","Washington Redskins","--","OG","1963-02-08","Tennessee","1993"
"Antonio Edwards","Seattle Seahawks","--","DE","1970-03-10","Valdosta State","1993"
"Larry Tharpe","Detroit Lions","--","OT","1970-11-19","Tennessee State","1993"
"William White","Detroit Lions","--","DB","1966-02-19","Ohio State","1993"
"Mike Brim","Cincinnati Bengals","--","DB","1966-01-23","Virginia Union","1993"
"Bill Bates","Dallas Cowboys","--","DB","1961-06-06","Tennessee","1993"
"Steve Tasker","Buffalo Bills","--","WR","1962-04-10","Northwestern","1993"
"Eric Turner","Cleveland Browns","--","DB","1968-09-20","UCLA","1993"
"Alvoid Mays","Washington Redskins","--","DB","1966-07-10","West Virginia","1993"
"Dale Carter","Kansas City Chiefs","--","DB","1969-11-28","Tennessee","1993"
"Tim Hauck","Green Bay Packers","--","DB","1966-12-20","Montana","1993"
"Ray Seals","Tampa Bay Buccaneers","--","DE","1965-06-17","","1993"
"Ray Crockett","Detroit Lions","--","DB","1967-01-05","Baylor","1993"
"Donnell Woolford","Chicago Bears","--","DB","1966-01-06","Clemson","1993"
"Santo Stephens","Kansas City Chiefs","--","LB","1969-06-16","Temple","1993"
"Boomer Esiason","New York Jets","--","QB","1961-04-17","Maryland","1993"
"Darryl Talley","Buffalo Bills","--","LB","1960-07-10","West Virginia","1993"
"Brian Kinchen","Cleveland Browns","--","TE","1965-08-06","Louisiana State","1993"
"Ian Beckles","Tampa Bay Buccaneers","--","OG","1967-07-20","Indiana","1993"
"Marvcus Patton","Buffalo Bills","--","LB","1967-05-01","UCLA","1993"
"Maurice Douglass","Chicago Bears","--","DB","1964-02-12","Kentucky","1993"
"Tim Goad","New England Patriots","--","DT","1966-02-28","North Carolina","1993"
"Todd Rucci","New England Patriots","--","OG","1970-07-14","Penn State","1993"
"Carl Pickens","Cincinnati Bengals","--","WR","1970-03-23","Tennessee","1993"
"Art Monk","Washington Redskins","--","WR","1957-12-05","Syracuse","1993"
"Tom Myslinski","Buffalo Bills","--","OG","1968-12-07","Tennessee","1993"
"Rod Stephens","Seattle Seahawks","--","LB","1966-06-14","Georgia Tech","1993"
"Troy Aikman","Dallas Cowboys","--","QB","1966-11-21","UCLA","1993"
"Elijah Alexander","Denver Broncos","--","LB","1970-08-08","Kansas State","1993"
"James Hasty","New York Jets","--","DB","1965-05-23","Washington State","1993"
"Don Majkowski","Indianapolis Colts","--","QB","1964-02-25","Virginia","1993"
"Trey Junkin","Seattle Seahawks","--","TE","1961-01-23","Louisiana Tech","1993"
"John Gerak","Minnesota Vikings","--","OG","1970-01-06","Penn State","1993"
"Scott Adams","Minnesota Vikings","--","OG","1966-09-28","Georgia","1993"
"Herman Moore","Detroit Lions","--","WR","1969-10-20","Virginia","1993"
"Derek Kennard","New Orleans Saints","--","OG","1962-09-09","Nevada","1993"
"Mike Saxon","New England Patriots","--","P","1962-07-10","San Diego State","1993"
"William Roberts","New York Giants","--","OG","1962-08-05","Ohio State","1993"
"Harry Galbreath","Green Bay Packers","--","OG","1965-01-01","Tennessee","1993"
"John Jurkovic","Green Bay Packers","--","DT","1967-08-18","Eastern Illinois","1993"
"Vinson Smith","Chicago Bears","--","LB","1965-07-03","East Carolina","1993"
"Jeff Blackshear","Seattle Seahawks","--","OG","1969-03-29","Northeast Louisiana","1993"
"Harry Swayne","San Diego Chargers","--","OT","1965-02-02","Rutgers","1993"
"Shannon Sharpe","Denver Broncos","--","TE","1968-06-26","Savannah State","1993"
"Matt Brock","Green Bay Packers","--","DT","1966-01-14","Oregon","1993"
"Dave Moore","Tampa Bay Buccaneers","--","TE","1969-11-11","Pittsburgh","1993"
"Michael McCrary","Seattle Seahawks","--","DE","1970-07-07","Wake Forest","1993"
"Bert Weidner","Miami Dolphins","--","OL","1966-01-20","Kent State","1993"
"Antonio Goss","San Francisco 49ers","--","LB","1966-08-11","North Carolina","1993"
"Frank Reich","Buffalo Bills","--","QB","1961-12-04","Maryland","1993"
"Dan Marino","Miami Dolphins","--","QB","1961-09-15","Pittsburgh","1993"
"Frank Stams","Cleveland Browns","--","LB","1965-07-17","Notre Dame","1993"
"Terry Hoage","San Francisco 49ers","--","DB","1962-04-11","Georgia","1993"
"Andy Heck","Seattle Seahawks","--","OT","1967-01-01","Notre Dame","1993"
"LeRoy Butler","Green Bay Packers","--","DB","1968-07-19","Florida State","1993"
"Marcus Turner","New York Jets","--","DB","1966-01-13","UCLA","1993"
"Ray Roberts","Seattle Seahawks","--","OT","1969-06-03","Virginia","1993"
"Michael Dean Perry","Cleveland Browns","--","DT","1965-08-27","Clemson","1993"
"Courtney Hawkins","Tampa Bay Buccaneers","--","WR","1969-12-12","Michigan State","1993"
"John Mangum","Chicago Bears","--","DB","1967-03-16","Alabama","1993"
"Rick Hamilton","Washington Redskins","--","LB","1970-04-19","Central Florida","1993"
"Robert Jones","Dallas Cowboys","--","LB","1969-09-27","East Carolina","1993"
"Jeff Lageman","New York Jets","--","DE","1967-07-18","Virginia","1993"
"Darrell Green","Washington Redskins","--","DB","1960-02-15","Texas A&amp;M-Kingsville","1993"
"Todd Perry","Chicago Bears","--","OG","1970-11-28","Kentucky","1993"
"Karl Wilson","Miami Dolphins","--","DE","1964-09-10","Louisiana State","1993"
"Dwayne White","New York Jets","--","OG","1967-02-10","Alcorn State","1993"
"Duane Bickett","Indianapolis Colts","--","LB","1962-12-01","Southern California","1993"
"Rufus Porter","Seattle Seahawks","--","LB","1965-05-18","Southern","1993"
"Eric Thomas","New York Jets","--","DB","1964-09-11","Tulane","1993"
"Andre Rison","Atlanta Falcons","--","WR","1967-03-18","Michigan State","1993"
"Scott Miller","Miami Dolphins","--","WR","1968-10-20","UCLA","1993"
"Anthony Carter","Minnesota Vikings","--","WR","1960-09-17","Michigan","1993"
"John Friesz","San Diego Chargers","--","QB","1967-05-19","Idaho","1993"
"Keenan McCardell","Cleveland Browns","--","WR","1970-01-06","Nevada-Las Vegas","1993"
"Daniel Stubbs","Cincinnati Bengals","--","DE","1965-01-03","Miami","1993"
"Tyji Armstrong","Tampa Bay Buccaneers","--","TE","1970-10-03","Mississippi","1993"
"Ray Buchanan","Indianapolis Colts","--","DB","1971-09-29","Louisville","1993"
"Maurice Hurst","New England Patriots","--","DB","1967-09-17","Southern","1993"
"Phil Hansen","Buffalo Bills","--","DE","1968-05-20","North Dakota State","1993"
"Randy Dixon","Indianapolis Colts","--","OG","1965-03-12","Pittsburgh","1993"
"Ernie Mills","Pittsburgh Steelers","--","WR","1968-10-28","Florida","1993"
"Greg Bishop","New York Giants","--","OG","1971-05-02","Pacific","1993"
"Darrick Brownlow","Tampa Bay Buccaneers","--","LB","1968-12-28","Illinois","1993"
"Stan Brock","San Diego Chargers","--","OT","1958-06-08","Colorado","1993"
"Natrone Means","San Diego Chargers","--","RB","1972-04-26","North Carolina","1993"
"Michael Strahan","New York Giants","--","DE","1971-11-21","Texas Southern","1993"
"George Koonce","Green Bay Packers","--","LB","1968-10-15","East Carolina","1993"
"Russell Copeland","Buffalo Bills","--","WR","1971-11-04","Memphis","1993"
"Tim Watson","Kansas City Chiefs","--","DB","1970-08-13","Howard","1993"
"Keith Sims","Miami Dolphins","--","OG","1967-06-17","Iowa State","1993"
"Randall Cunningham","Philadelphia Eagles","--","QB","1963-03-27","Nevada-Las Vegas","1993"
"Martin Bayless","Kansas City Chiefs","--","DB","1962-10-11","Bowling Green","1993"
"Joe Sims","Green Bay Packers","--","OT","1969-03-01","Nebraska","1993"
"Cecil Gray","Indianapolis Colts","--","OT","1968-02-16","North Carolina","1993"
"Myron Baker","Chicago Bears","--","LB","1971-01-06","Louisiana Tech","1993"
"Thomas Smith","Buffalo Bills","--","DB","1970-12-05","North Carolina","1993"
"Stan Humphries","San Diego Chargers","--","QB","1965-04-14","Northeast Louisiana","1993"
"Dale Hellestrae","Dallas Cowboys","--","OG","1962-07-11","Southern Methodist","1993"
"Tony McCoy","Indianapolis Colts","--","DT","1969-06-10","Florida","1993"
"Dermontti Dawson","Pittsburgh Steelers","--","C","1965-06-17","Kentucky","1993"
"Dan McGwire","Seattle Seahawks","--","QB","1967-12-18","San Diego State","1993"
"Willie Roaf","New Orleans Saints","--","OT","1970-04-18","Louisiana Tech","1993"
"Mark Rodenhauser","Detroit Lions","--","C","1961-06-01","Illinois State","1993"
"Russell Freeman","Denver Broncos","--","OT","1969-09-02","Georgia Tech","1993"
"Anthony Lynn","Denver Broncos","--","RB","1968-12-21","Texas Tech","1993"
"Scottie Graham","Minnesota Vikings","--","RB","1969-03-28","Ohio State","1993"
"Antonio London","Detroit Lions","--","LB","1971-04-14","Alabama","1993"
"John Kidd","San Diego Chargers","--","P","1961-08-22","Northwestern","1993"
"Guy McIntyre","San Francisco 49ers","--","OG","1961-02-17","Georgia","1993"
"Rick Mirer","Seattle Seahawks","--","QB","1970-03-19","Notre Dame","1993"
"Kevin Butler","Chicago Bears","--","K","1962-07-24","Georgia","1993"
"Glyn Milburn","Denver Broncos","--","RB","1971-02-19","Stanford","1993"
"Lorenzo Neal","New Orleans Saints","--","RB","1970-12-27","Fresno State","1993"
"Junior Seau","San Diego Chargers","--","LB","1969-01-19","Southern California","1993"
"Jeff Graham","Pittsburgh Steelers","--","WR","1969-02-14","Ohio State","1993"
"Danan Hughes","Kansas City Chiefs","--","WR","1970-12-11","Iowa","1993"
"Levon Kirkland","Pittsburgh Steelers","--","LB","1969-02-17","Clemson","1993"
"Sean Lumpkin","New Orleans Saints","--","DB","1970-01-04","Minnesota","1993"
"Brett Perriman","Detroit Lions","--","WR","1965-10-10","Miami","1993"
"Joe Cocozzo","San Diego Chargers","--","OG","1970-08-07","Michigan","1993"
"Pat Eilers","Washington Redskins","--","DB","1966-09-03","Notre Dame","1993"
"Matt Bahr","New England Patriots","--","K","1956-07-06","Penn State","1993"
"Eric Moten","San Diego Chargers","--","OG","1968-04-11","Michigan State","1993"
"Vinnie Clark","Atlanta Falcons","--","DB","1969-01-22","Ohio State","1993"
"Kenyon Rasheed","New York Giants","--","RB","1970-08-23","Oklahoma","1993"
"Jeff Feagles","Philadelphia Eagles","--","P","1966-03-07","Miami","1993"
"Kevin Greene","Pittsburgh Steelers","--","LB","1962-07-31","Auburn","1993"
"Chris Mohr","Buffalo Bills","--","P","1966-05-11","Alabama","1993"
"Joe Staysniak","Indianapolis Colts","--","OG","1966-12-08","Ohio State","1993"
"Ed McCaffrey","New York Giants","--","WR","1968-08-17","Stanford","1993"
"Dean Biasucci","Indianapolis Colts","--","K","1962-07-25","Western Carolina","1993"
"Charles McRae","Tampa Bay Buccaneers","--","OT","1968-09-16","Tennessee","1993"
"John Kasay","Seattle Seahawks","--","K","1969-10-27","Georgia","1993"
"Harlon Barnett","New England Patriots","--","DB","1967-01-02","Michigan State","1993"
"Gerald Dixon","Cleveland Browns","--","LB","1969-06-20","South Carolina","1993"
"Bruce Kozerski","Cincinnati Bengals","--","OG","1962-04-02","Holy Cross","1993"
"Robert Green","Chicago Bears","--","RB","1970-09-10","William &amp; Mary","1993"
"Harold Green","Cincinnati Bengals","--","RB","1968-01-29","South Carolina","1993"
"Bill Schultz","Indianapolis Colts","--","OG","1967-05-01","Southern California","1993"
"Jimmie Jones","Dallas Cowboys","--","DE","1966-01-09","Miami","1993"
"Terry Wooden","Seattle Seahawks","--","LB","1967-01-14","Syracuse","1993"
"Mike Chalenski","Philadelphia Eagles","--","DE","1970-01-28","UCLA","1993"
"Mike Sherrard","New York Giants","--","WR","1963-06-21","UCLA","1993"
"Marcus Allen","Kansas City Chiefs","--","RB","1960-03-26","Southern California","1993"
"Pellom McDaniels","Kansas City Chiefs","--","DE","1968-02-21","Oregon State","1993"
"Erric Pegram","Atlanta Falcons","--","RB","1969-01-07","North Texas","1993"
"Leon Lett","Dallas Cowboys","--","DT","1968-10-12","Emporia State","1993"
"Frank Wycheck","Washington Redskins","--","TE","1971-10-14","Maryland","1993"
"Qadry Ismail","Minnesota Vikings","--","WR","1970-11-08","Syracuse","1993"
"Vernice Smith","Chicago Bears","--","C","1965-10-24","Florida A&amp;M","1993"
"Patrick Hunter","Seattle Seahawks","--","DB","1964-10-24","Nevada","1993"
"Matt Willig","New York Jets","--","OT","1969-01-21","Southern California","1993"
"Tom Carter","Washington Redskins","--","DB","1972-09-05","Notre Dame","1993"
"George Teague","Green Bay Packers","--","DB","1971-02-18","Alabama","1993"
"Anthony Miller","San Diego Chargers","--","WR","1965-04-15","Tennessee","1993"
"Darren Carrington","San Diego Chargers","--","DB","1966-10-10","Northern Arizona","1993"
"Aubrey Matthews","Detroit Lions","--","WR","1962-09-15","Delta State","1993"
"Kevin Glover","Detroit Lions","--","C","1963-06-17","Maryland","1993"
"Marco Coleman","Miami Dolphins","--","DE","1969-12-18","Georgia Tech","1993"
"Bubby Brister","Philadelphia Eagles","--","QB","1962-08-15","Northeast Louisiana","1993"
"Marc Logan","San Francisco 49ers","--","RB","1965-05-09","Kentucky","1993"
"Barney Bussey","Tampa Bay Buccaneers","--","DB","1962-05-20","South Carolina State","1993"
"Steve Tovar","Cincinnati Bengals","--","LB","1970-04-25","Ohio State","1993"
"James Francis","Cincinnati Bengals","--","LB","1968-08-04","Baylor","1993"
"Chuck Klingbeil","Miami Dolphins","--","DT","1965-11-02","Northern Michigan","1993"
"Chris Warren","Seattle Seahawks","--","RB","1967-01-24","Ferrum","1993"
"Carlton Bailey","New York Giants","--","LB","1964-12-15","North Carolina","1993"
"Mike Lodish","Buffalo Bills","--","DT","1967-08-11","UCLA","1993"
"Kelvin Martin","Seattle Seahawks","--","WR","1965-05-14","Boston College","1993"
"Arthur Marshall","Denver Broncos","--","WR","1969-04-29","Georgia","1993"
